{"Accuracy": {"train": 0.7314919628707267, "test": 0.6730058108821976}, "Precision": {"train": 0.7258134490238611, "test": 0.6601036269430052}, "Recall": {"train": 0.7512348450830714, "test": 0.6864224137931034}, "F1_Score": {"train": 0.738305383936452, "test": 0.738305383936452}}