{"Accuracy": {"train": 0.7301335748245416, "test": 0.6693079767564712}, "Precision": {"train": 0.7274795268425842, "test": 0.6813778256189451}, "Recall": {"train": 0.729470802919708, "test": 0.6573208722741433}, "F1_Score": {"train": 0.7284738041002278, "test": 0.7284738041002278}}