{"Accuracy": {"train": 0.7278695947475662, "test": 0.6745905969360803}, "Precision": {"train": 0.7381628787878788, "test": 0.6857463524130191}, "Recall": {"train": 0.7060688405797102, "test": 0.6451953537486801}, "F1_Score": {"train": 0.7217592592592593, "test": 0.7217592592592593}}