{"Accuracy": {"train": 0.7278695947475662, "test": 0.6687797147385103}, "Precision": {"train": 0.731615925058548, "test": 0.6833514689880305}, "Recall": {"train": 0.7129164764947512, "test": 0.6514522821576764}, "F1_Score": {"train": 0.7221451687471104, "test": 0.7221451687471104}}