{"Accuracy": {"train": 0.7194928684627575, "test": 0.716323296354992}, "Precision": {"train": 0.7167577413479053, "test": 0.7150050352467271}, "Recall": {"train": 0.7183934276586034, "test": 0.7365145228215768}, "F1_Score": {"train": 0.7175746523820378, "test": 0.7175746523820378}}