{"Accuracy": {"train": 0.7240208286167081, "test": 0.7099841521394612}, "Precision": {"train": 0.7258064516129032, "test": 0.70620239390642}, "Recall": {"train": 0.7274360125729681, "test": 0.6993534482758621}, "F1_Score": {"train": 0.7266203184570532, "test": 0.7266203184570532}}