{"Accuracy": {"train": 0.7151913063165044, "test": 0.6967776016904385}, "Precision": {"train": 0.7092293906810035, "test": 0.7023933402705516}, "Recall": {"train": 0.7221715328467153, "test": 0.7009345794392523}, "F1_Score": {"train": 0.7156419529837251, "test": 0.7156419529837251}}