{"Accuracy": {"train": 0.7247000226398008, "test": 0.6909667194928685}, "Precision": {"train": 0.7318116975748931, "test": 0.7048648648648649}, "Recall": {"train": 0.7024189867640347, "test": 0.6763485477178424}, "F1_Score": {"train": 0.7168141592920355, "test": 0.7168141592920355}}