{"Accuracy": {"train": 0.7253792166628934, "test": 0.7020602218700476}, "Precision": {"train": 0.7383804504072832, "test": 0.7203682393555811}, "Recall": {"train": 0.6979166666666666, "test": 0.6610348468848997}, "F1_Score": {"train": 0.7175785797438883, "test": 0.7175785797438883}}