{"Accuracy": {"train": 0.7274167987321711, "test": 0.7004754358161648}, "Precision": {"train": 0.7328174783796085, "test": 0.6964091403699674}, "Recall": {"train": 0.7229456668163449, "test": 0.6896551724137931}, "F1_Score": {"train": 0.7278481012658228, "test": 0.7278481012658228}}