{"Accuracy": {"train": 0.7287751867783564, "test": 0.7036450079239303}, "Precision": {"train": 0.7342130065975495, "test": 0.7189542483660131}, "Recall": {"train": 0.7107664233576643, "test": 0.6853582554517134}, "F1_Score": {"train": 0.7222994900324525, "test": 0.7222994900324525}}