{"MSE": {"train": 21591117469937.125, "test": 29053946366882.867}, "MAE": {"train": 1679109.332505315, "test": 1928094.1660122082}, "R-Square": {"train": 0.2184260274002442, "test": -0.19631959527210707}}