{"MSE": {"train": 21591048867664.023, "test": 29073235331667.527}, "MAE": {"train": 1681110.694840594, "test": 1931232.356547058}, "R-Square": {"train": 0.21842851072475, "test": -0.19711383390162096}}