{"Accuracy": {"train": 0.7093049581163686, "test": 0.6930797675647121}, "Precision": {"train": 0.7305623471882641, "test": 0.7082833133253301}, "Recall": {"train": 0.6708576560395151, "test": 0.6357758620689655}, "F1_Score": {"train": 0.699438202247191, "test": 0.699438202247191}}