{"Accuracy": {"train": 0.7074937740547883, "test": 0.6973058637083994}, "Precision": {"train": 0.6802884615384616, "test": 0.6763110307414105}, "Recall": {"train": 0.7746350364963503, "test": 0.7767393561786086}, "F1_Score": {"train": 0.7244027303754266, "test": 0.7244027303754266}}