{"Accuracy": {"train": 0.6862123613312203, "test": 0.6973058637083994}, "Precision": {"train": 0.7193460490463215, "test": 0.7422552664188352}, "Recall": {"train": 0.6024646280237335, "test": 0.6213692946058091}, "F1_Score": {"train": 0.6557377049180328, "test": 0.6557377049180328}}