{"Accuracy": {"train": 0.7002490378084673, "test": 0.6930797675647121}, "Precision": {"train": 0.7170923379174853, "test": 0.7204819277108434}, "Recall": {"train": 0.6612318840579711, "test": 0.6314677930306231}, "F1_Score": {"train": 0.6880301602262017, "test": 0.6880301602262017}}