{"Accuracy": {"train": 0.7606973058637084, "test": 0.7083993660855784}, "Precision": {"train": 0.761049723756906, "test": 0.7163865546218487}, "Recall": {"train": 0.7544500228206299, "test": 0.7074688796680498}, "F1_Score": {"train": 0.7577355030942012, "test": 0.7577355030942012}}