{"Accuracy": {"train": 0.7380575050939552, "test": 0.6973058637083994}, "Precision": {"train": 0.7412082957619477, "test": 0.6939890710382514}, "Recall": {"train": 0.738212842388864, "test": 0.6842672413793104}, "F1_Score": {"train": 0.7397075365579303, "test": 0.7397075365579303}}