{"Accuracy": {"train": 0.7290015847860539, "test": 0.7105124141574221}, "Precision": {"train": 0.7248079530049706, "test": 0.7172774869109948}, "Recall": {"train": 0.7317518248175182, "test": 0.711318795430945}, "F1_Score": {"train": 0.7282633371169126, "test": 0.7282633371169126}}