{"Accuracy": {"train": 0.7249264206474983, "test": 0.7068145800316957}, "Precision": {"train": 0.7293302540415705, "test": 0.7172949002217295}, "Recall": {"train": 0.7151268115942029, "test": 0.6832101372756072}, "F1_Score": {"train": 0.7221587011205122, "test": 0.7221587011205122}}