{"MSE": {"train": 23352105177478.598, "test": 24280797677678.723}, "MAE": {"train": 1016579.4011803215, "test": 1064790.7138654282}, "R-Square": {"train": 0.15468026897903675, "test": 0.0002186386715982147}}