{"Accuracy_Score": 0.6995093101095116, "Precision_Score": 0.2148474068526493, "Recall_Score": 0.7274167987321711, "F1_Score": 0.331719303317193}