{"Accuracy_Score": 0.712410229746856, "Precision_Score": 0.22173360695788136, "Recall_Score": 0.719175911251981, "F1_Score": 0.3389602629220197}